/*
 Navicat Premium Data Transfer

 Source Server         : localhost_3306
 Source Server Type    : MySQL
 Source Server Version : 50540
 Source Host           : localhost:3306
 Source Schema         : manage

 Target Server Type    : MySQL
 Target Server Version : 50540
 File Encoding         : 65001

 Date: 11/05/2020 11:57:17
*/

SET NAMES utf8mb4;
SET FOREIGN_KEY_CHECKS = 0;

-- ----------------------------
-- Table structure for tab_engineer
-- ----------------------------
DROP TABLE IF EXISTS `tab_engineer`;
CREATE TABLE `tab_engineer`  (
  `id` varchar(11) CHARACTER SET utf8 COLLATE utf8_general_ci NOT NULL,
  `name` varchar(100) CHARACTER SET utf8 COLLATE utf8_general_ci NOT NULL,
  `sex` char(1) CHARACTER SET utf8 COLLATE utf8_general_ci NULL DEFAULT NULL,
  `birthday` date NULL DEFAULT NULL,
  `address` varchar(100) CHARACTER SET utf8 COLLATE utf8_general_ci NULL DEFAULT NULL,
  `education` varchar(100) CHARACTER SET utf8 COLLATE utf8_general_ci NULL DEFAULT NULL,
  `telephone` varchar(11) CHARACTER SET utf8 COLLATE utf8_general_ci NULL DEFAULT NULL,
  `working_years` int(11) NULL DEFAULT NULL,
  `salary` double NULL DEFAULT NULL,
  PRIMARY KEY (`id`) USING BTREE
) ENGINE = InnoDB CHARACTER SET = utf8 COLLATE = utf8_general_ci ROW_FORMAT = Compact;

-- ----------------------------
-- Records of tab_engineer
-- ----------------------------
INSERT INTO `tab_engineer` VALUES ('0001', '王晓军', '男', '1984-06-12', '武肃街6排14号', '本科', '17381149086', 8, 7500);
INSERT INTO `tab_engineer` VALUES ('0002', '刘燕君', '女', '1993-06-03', '武肃街3排19号', '硕士', '17383308506', 7, 10000);
INSERT INTO `tab_engineer` VALUES ('0003', '王晓军', '男', '1997-06-18', '武肃街2排20号', '博士', '17347301123', 1, 12500);
INSERT INTO `tab_engineer` VALUES ('0004', '王晓军', '男', '1993-09-12', '武肃街10排14号', '中专', '17376279298', 6, 2500);
INSERT INTO `tab_engineer` VALUES ('0005', '李梅', '女', '1980-08-07', '武肃街7排13号', '中专', '17351273920', 8, 2500);
INSERT INTO `tab_engineer` VALUES ('0006', '王晓军', '女', '1985-03-12', '武肃街7排13号', '中专', '17340206626', 5, 2500);
INSERT INTO `tab_engineer` VALUES ('0007', '王晓军', '女', '1985-06-03', '武肃街8排8号', '专科', '17352195490', 9, 5000);
INSERT INTO `tab_engineer` VALUES ('0008', '李慧', '女', '1988-11-27', '武肃街1排7号', '专科', '17376425067', 6, 5000);
INSERT INTO `tab_engineer` VALUES ('0009', '李梅', '女', '1989-01-18', '武肃街3排18号', '本科', '17305662714', 2, 7500);
INSERT INTO `tab_engineer` VALUES ('0010', '杨辉', '男', '1981-10-16', '武肃街7排9号', '中专', '17329849401', 7, 2500);
INSERT INTO `tab_engineer` VALUES ('0011', '杨辉', '男', '1993-02-02', '武肃街3排15号', '博士', '17370649206', 3, 12500);
INSERT INTO `tab_engineer` VALUES ('0012', '周娟', '女', '1992-05-28', '武肃街8排20号', '本科', '17373711104', 1, 7500);
INSERT INTO `tab_engineer` VALUES ('0013', '杨辉', '男', '1996-07-04', '武肃街1排12号', '中专', '17392857468', 5, 2500);
INSERT INTO `tab_engineer` VALUES ('0014', '徐建豪', '男', '1989-01-20', '武肃街7排16号', '硕士', '17339526234', 7, 10000);
INSERT INTO `tab_engineer` VALUES ('0015', '王晓军', '男', '1996-09-15', '武肃街6排12号', '硕士', '17348524212', 3, 10000);
INSERT INTO `tab_engineer` VALUES ('0016', '杨辉', '男', '1990-07-26', '武肃街6排13号', '中专', '17387290981', 1, 2500);
INSERT INTO `tab_engineer` VALUES ('0017', '杨辉', '男', '1997-04-30', '武肃街2排18号', '高中', '17368208737', 10, 1750);
INSERT INTO `tab_engineer` VALUES ('0018', '张小明', '女', '1997-05-04', '武肃街7排7号', '硕士', '17373285328', 7, 10000);
INSERT INTO `tab_engineer` VALUES ('0019', '杨辉', '女', '1989-09-14', '武肃街8排18号', '高中', '17397772815', 8, 1750);
INSERT INTO `tab_engineer` VALUES ('0020', '杨辉', '女', '1998-02-09', '武肃街9排10号', '中专', '17383641912', 8, 2500);
INSERT INTO `tab_engineer` VALUES ('0021', '李慧', '男', '1989-08-15', '武肃街7排14号', '硕士', '17379270537', 1, 10000);
INSERT INTO `tab_engineer` VALUES ('0022', '李慧', '女', '1993-07-12', '武肃街3排5号', '本科', '17310796589', 8, 7500);
INSERT INTO `tab_engineer` VALUES ('0023', '李梅', '女', '1990-06-09', '武肃街6排19号', '本科', '17333174938', 8, 7500);
INSERT INTO `tab_engineer` VALUES ('0024', '刘燕君', '男', '1995-06-01', '武肃街7排12号', '博士', '17302432133', 8, 12500);
INSERT INTO `tab_engineer` VALUES ('0025', '王晓军', '女', '1980-09-27', '武肃街8排16号', '中专', '17311168789', 6, 2500);
INSERT INTO `tab_engineer` VALUES ('0026', '李梅', '女', '1980-08-05', '武肃街10排11号', '博士', '17363027489', 7, 12500);
INSERT INTO `tab_engineer` VALUES ('0027', '王晓军', '男', '1984-11-07', '武肃街2排15号', '博士', '17309322160', 4, 12500);
INSERT INTO `tab_engineer` VALUES ('0028', '杨辉', '男', '1996-04-24', '武肃街4排7号', '本科', '17312374884', 6, 7500);
INSERT INTO `tab_engineer` VALUES ('0029', '王晓军', '男', '1987-01-08', '武肃街8排9号', '硕士', '17340163227', 10, 10000);
INSERT INTO `tab_engineer` VALUES ('0030', '杨辉', '男', '1995-09-09', '武肃街2排15号', '本科', '17312642757', 1, 7500);
INSERT INTO `tab_engineer` VALUES ('0031', '杨辉', '男', '1992-09-11', '武肃街6排2号', '高中', '17317360259', 9, 1750);
INSERT INTO `tab_engineer` VALUES ('0032', '王晓军', '男', '1996-01-24', '武肃街6排10号', '专科', '17341888518', 9, 5000);
INSERT INTO `tab_engineer` VALUES ('0033', '李慧', '男', '1988-01-08', '武肃街10排16号', '高中', '17300788945', 3, 1750);
INSERT INTO `tab_engineer` VALUES ('0034', '李慧', '女', '1997-01-30', '武肃街5排8号', '高中', '17387119556', 4, 1750);
INSERT INTO `tab_engineer` VALUES ('0035', '张小明', '男', '1989-01-03', '武肃街6排6号', '博士', '17390014460', 2, 12500);
INSERT INTO `tab_engineer` VALUES ('0036', '李慧', '男', '1991-05-20', '武肃街6排14号', '本科', '17385889416', 4, 7500);
INSERT INTO `tab_engineer` VALUES ('0037', '李梅', '女', '1990-01-15', '武肃街2排16号', '高中', '17352157874', 8, 1750);
INSERT INTO `tab_engineer` VALUES ('0038', '刘燕君', '女', '1981-02-13', '武肃街9排2号', '中专', '17307026004', 9, 2500);
INSERT INTO `tab_engineer` VALUES ('0039', '杨辉', '女', '1989-09-21', '武肃街5排1号', '中专', '17391347445', 6, 2500);
INSERT INTO `tab_engineer` VALUES ('0040', '杨辉', '男', '1992-06-26', '武肃街8排13号', '专科', '17381703646', 3, 5000);
INSERT INTO `tab_engineer` VALUES ('0041', '王晓军', '男', '1981-07-01', '武肃街9排3号', '高中', '17334157158', 5, 1750);
INSERT INTO `tab_engineer` VALUES ('0042', '李慧', '男', '1989-11-02', '武肃街4排9号', '中专', '17324824105', 10, 2500);
INSERT INTO `tab_engineer` VALUES ('0043', '李慧', '男', '1993-10-25', '武肃街7排8号', '专科', '17380623992', 2, 5000);
INSERT INTO `tab_engineer` VALUES ('0044', '刘燕君', '男', '1984-03-31', '武肃街3排14号', '高中', '17398838266', 2, 1750);
INSERT INTO `tab_engineer` VALUES ('0045', '李梅', '女', '1993-06-14', '武肃街5排18号', '博士', '17325193065', 7, 12500);
INSERT INTO `tab_engineer` VALUES ('0046', '王晓军', '女', '1992-10-05', '武肃街7排1号', '本科', '17379646886', 7, 7500);
INSERT INTO `tab_engineer` VALUES ('0047', '王晓军', '男', '1988-04-30', '武肃街8排14号', '专科', '17346297720', 1, 5000);
INSERT INTO `tab_engineer` VALUES ('0048', '王晓军', '女', '1994-02-25', '武肃街2排3号', '专科', '17323056153', 8, 5000);
INSERT INTO `tab_engineer` VALUES ('0049', '王晓军', '男', '1982-10-15', '武肃街5排18号', '中专', '17311773221', 9, 2500);
INSERT INTO `tab_engineer` VALUES ('0050', '李梅', '女', '1991-04-29', '武肃街10排7号', '本科', '17334944227', 6, 7500);
INSERT INTO `tab_engineer` VALUES ('0051', '王晓军', '男', '1985-08-06', '武肃街4排5号', '高中', '17338912355', 9, 1750);
INSERT INTO `tab_engineer` VALUES ('0052', '周娟', '女', '1984-02-08', '武肃街10排4号', '博士', '17355827824', 1, 12500);
INSERT INTO `tab_engineer` VALUES ('0053', '周娟', '男', '1984-07-09', '武肃街8排7号', '中专', '17306005027', 2, 2500);
INSERT INTO `tab_engineer` VALUES ('0054', '周娟', '男', '1981-01-08', '武肃街7排6号', '本科', '17380200792', 1, 7500);
INSERT INTO `tab_engineer` VALUES ('0055', '李梅', '女', '1985-10-22', '武肃街4排16号', '专科', '17358976841', 1, 5000);
INSERT INTO `tab_engineer` VALUES ('0056', '李梅', '女', '1997-11-13', '武肃街2排11号', '硕士', '17342654122', 9, 10000);
INSERT INTO `tab_engineer` VALUES ('0057', '杨辉', '男', '1996-09-11', '武肃街5排13号', '高中', '17320973449', 3, 1750);
INSERT INTO `tab_engineer` VALUES ('0058', '周娟', '女', '1996-05-07', '武肃街2排12号', '专科', '17390208113', 8, 5000);
INSERT INTO `tab_engineer` VALUES ('0059', '刘燕君', '男', '1986-10-25', '武肃街2排12号', '本科', '17344128882', 1, 7500);
INSERT INTO `tab_engineer` VALUES ('0060', '周娟', '男', '1996-10-14', '武肃街10排9号', '硕士', '17331102252', 1, 10000);
INSERT INTO `tab_engineer` VALUES ('0061', '李梅', '男', '1984-06-06', '武肃街7排8号', '硕士', '17361987425', 7, 10000);
INSERT INTO `tab_engineer` VALUES ('0062', '李梅', '男', '1991-09-06', '武肃街7排14号', '专科', '17327435299', 10, 5000);
INSERT INTO `tab_engineer` VALUES ('0063', '周娟', '男', '1992-01-07', '武肃街2排11号', '博士', '17387055176', 8, 12500);
INSERT INTO `tab_engineer` VALUES ('0064', '徐建豪', '男', '1984-02-20', '武肃街9排12号', '硕士', '17384593782', 7, 10000);
INSERT INTO `tab_engineer` VALUES ('0065', '李慧', '女', '1997-05-06', '武肃街9排5号', '硕士', '17322941403', 4, 10000);
INSERT INTO `tab_engineer` VALUES ('0066', '李梅', '男', '1996-09-06', '武肃街1排16号', '专科', '17372095996', 1, 5000);
INSERT INTO `tab_engineer` VALUES ('0067', '刘燕君', '男', '1988-12-18', '武肃街3排13号', '博士', '17397429097', 7, 12500);
INSERT INTO `tab_engineer` VALUES ('0068', '徐建豪', '男', '1989-11-24', '武肃街8排16号', '中专', '17366215342', 4, 2500);
INSERT INTO `tab_engineer` VALUES ('0069', '杨辉', '女', '1994-08-14', '武肃街6排9号', '专科', '17351234458', 3, 5000);
INSERT INTO `tab_engineer` VALUES ('0070', '张小明', '男', '1995-06-06', '武肃街1排20号', '中专', '17388692133', 6, 2500);
INSERT INTO `tab_engineer` VALUES ('0071', '周娟', '女', '1988-04-22', '武肃街8排17号', '硕士', '17349612380', 10, 10000);
INSERT INTO `tab_engineer` VALUES ('0072', '王晓军', '男', '1998-05-11', '武肃街3排20号', '本科', '17382233288', 7, 7500);
INSERT INTO `tab_engineer` VALUES ('0073', '王晓军', '男', '1982-02-02', '武肃街6排9号', '高中', '17309416734', 5, 1750);
INSERT INTO `tab_engineer` VALUES ('0074', '徐建豪', '女', '1980-11-05', '武肃街1排7号', '专科', '17339275254', 9, 5000);
INSERT INTO `tab_engineer` VALUES ('0075', '李慧', '男', '1995-02-01', '武肃街1排20号', '博士', '17303513025', 6, 12500);
INSERT INTO `tab_engineer` VALUES ('0076', '李梅', '男', '1992-02-01', '武肃街5排9号', '本科', '17377007305', 5, 7500);
INSERT INTO `tab_engineer` VALUES ('0077', '李慧', '男', '1982-05-01', '武肃街2排15号', '高中', '17302846041', 9, 1750);
INSERT INTO `tab_engineer` VALUES ('0078', '周娟', '女', '1992-05-30', '武肃街8排18号', '本科', '17303355173', 3, 7500);
INSERT INTO `tab_engineer` VALUES ('0079', '周娟', '女', '1993-08-19', '武肃街7排2号', '博士', '17307964035', 3, 12500);
INSERT INTO `tab_engineer` VALUES ('0080', '李慧', '女', '1984-11-05', '武肃街1排3号', '高中', '17311696258', 6, 1750);
INSERT INTO `tab_engineer` VALUES ('0081', '李慧', '男', '1991-06-19', '武肃街7排10号', '博士', '17318761573', 8, 12500);
INSERT INTO `tab_engineer` VALUES ('0082', '李梅', '女', '1995-02-10', '武肃街5排19号', '硕士', '17387975226', 8, 10000);
INSERT INTO `tab_engineer` VALUES ('0083', '刘燕君', '男', '1984-01-05', '武肃街5排20号', '博士', '17341625176', 9, 12500);
INSERT INTO `tab_engineer` VALUES ('0084', '李慧', '男', '1996-12-02', '武肃街3排20号', '博士', '17363253230', 4, 12500);
INSERT INTO `tab_engineer` VALUES ('0085', '张小明', '女', '1982-10-07', '武肃街9排5号', '博士', '17368650079', 4, 12500);
INSERT INTO `tab_engineer` VALUES ('0086', '王晓军', '男', '1992-11-16', '武肃街2排7号', '专科', '17398728434', 8, 5000);
INSERT INTO `tab_engineer` VALUES ('0087', '刘燕君', '男', '1997-05-22', '武肃街1排11号', '中专', '17377402663', 9, 2500);
INSERT INTO `tab_engineer` VALUES ('0088', '王晓军', '男', '1996-05-16', '武肃街1排4号', '本科', '17377476407', 1, 7500);
INSERT INTO `tab_engineer` VALUES ('0089', '李梅', '女', '1984-08-16', '武肃街8排12号', '专科', '17360582798', 1, 5000);
INSERT INTO `tab_engineer` VALUES ('0090', '李慧', '男', '1985-11-10', '武肃街6排17号', '博士', '17351824388', 7, 12500);
INSERT INTO `tab_engineer` VALUES ('0091', '李梅', '男', '1981-05-26', '武肃街9排12号', '中专', '17398796624', 9, 2500);
INSERT INTO `tab_engineer` VALUES ('0092', '周娟', '男', '1982-01-16', '武肃街7排20号', '硕士', '17365393018', 3, 10000);
INSERT INTO `tab_engineer` VALUES ('0093', '王晓军', '男', '1984-07-10', '武肃街3排20号', '硕士', '17383329998', 10, 10000);
INSERT INTO `tab_engineer` VALUES ('0094', '杨辉', '女', '1984-12-05', '武肃街9排16号', '中专', '17387040768', 3, 2500);
INSERT INTO `tab_engineer` VALUES ('0095', '周娟', '女', '1981-04-05', '武肃街6排15号', '博士', '17359086517', 1, 12500);
INSERT INTO `tab_engineer` VALUES ('0096', '李梅', '男', '1981-12-02', '武肃街8排13号', '高中', '17333944221', 6, 1750);
INSERT INTO `tab_engineer` VALUES ('0097', '刘燕君', '男', '1995-07-24', '武肃街1排8号', '高中', '17372320490', 9, 1750);
INSERT INTO `tab_engineer` VALUES ('0098', '刘燕君', '女', '1996-04-02', '武肃街1排20号', '中专', '17322171203', 5, 2500);
INSERT INTO `tab_engineer` VALUES ('0099', '李梅', '女', '1983-06-22', '武肃街4排9号', '专科', '17395857089', 2, 5000);
INSERT INTO `tab_engineer` VALUES ('0100', '李梅', '男', '1997-05-22', '武肃街10排4号', '本科', '17324452063', 5, 7500);
INSERT INTO `tab_engineer` VALUES ('0101', '李梅', '男', '1982-08-06', '武肃街10排15号', '高中', '17384572645', 1, 1750);
INSERT INTO `tab_engineer` VALUES ('0102', '周娟', '女', '1983-07-30', '武肃街4排17号', '博士', '17367631331', 4, 12500);
INSERT INTO `tab_engineer` VALUES ('0103', '张小明', '女', '1990-02-12', '武肃街6排8号', '硕士', '17340791220', 7, 10000);
INSERT INTO `tab_engineer` VALUES ('0104', '张小明', '女', '1990-10-21', '武肃街9排3号', '硕士', '17388225507', 3, 10000);
INSERT INTO `tab_engineer` VALUES ('0105', '徐建豪', '女', '1992-05-15', '武肃街8排4号', '高中', '17364180237', 9, 1750);
INSERT INTO `tab_engineer` VALUES ('0106', '张小明', '男', '1992-11-05', '武肃街2排5号', '本科', '17370508497', 4, 7500);
INSERT INTO `tab_engineer` VALUES ('0107', '王晓军', '女', '1984-01-20', '武肃街10排6号', '本科', '17325620118', 6, 7500);
INSERT INTO `tab_engineer` VALUES ('0108', '刘燕君', '男', '1994-07-27', '武肃街4排4号', '高中', '17385103134', 7, 1750);
INSERT INTO `tab_engineer` VALUES ('0109', '李梅', '女', '1989-08-13', '武肃街10排17号', '中专', '17359116409', 5, 2500);
INSERT INTO `tab_engineer` VALUES ('0110', '王晓军', '女', '1984-07-13', '武肃街1排4号', '硕士', '17357322375', 8, 10000);
INSERT INTO `tab_engineer` VALUES ('0111', '李慧', '女', '1982-03-18', '武肃街5排5号', '专科', '17354499953', 4, 5000);
INSERT INTO `tab_engineer` VALUES ('0112', '刘燕君', '女', '1994-11-27', '武肃街9排13号', '硕士', '17361881581', 10, 10000);
INSERT INTO `tab_engineer` VALUES ('0113', '李梅', '男', '1988-02-27', '武肃街6排4号', '高中', '17322567951', 10, 1750);
INSERT INTO `tab_engineer` VALUES ('0114', '李梅', '男', '1984-08-28', '武肃街7排13号', '高中', '17352006197', 5, 1750);
INSERT INTO `tab_engineer` VALUES ('0115', '徐建豪', '女', '1983-04-23', '武肃街5排19号', '本科', '17319934385', 1, 7500);
INSERT INTO `tab_engineer` VALUES ('0116', '李慧', '女', '1991-03-05', '武肃街10排10号', '中专', '17304906433', 3, 2500);
INSERT INTO `tab_engineer` VALUES ('0117', '杨辉', '女', '1984-11-10', '武肃街2排19号', '高中', '17363004204', 9, 1750);
INSERT INTO `tab_engineer` VALUES ('0118', '李慧', '男', '1984-02-12', '武肃街3排10号', '高中', '17345693213', 6, 1750);
INSERT INTO `tab_engineer` VALUES ('0119', '徐建豪', '男', '1994-10-20', '武肃街4排14号', '硕士', '17371702565', 10, 10000);
INSERT INTO `tab_engineer` VALUES ('0120', '李梅', '男', '1983-10-14', '武肃街10排6号', '专科', '17302136723', 5, 5000);
INSERT INTO `tab_engineer` VALUES ('0121', '李慧', '男', '1982-06-18', '武肃街6排19号', '高中', '17344162298', 3, 1750);
INSERT INTO `tab_engineer` VALUES ('0122', '杨辉', '男', '1986-09-09', '武肃街10排7号', '专科', '17379466963', 8, 5000);
INSERT INTO `tab_engineer` VALUES ('0123', '王晓军', '男', '1997-06-21', '武肃街5排12号', '本科', '17352809089', 4, 7500);
INSERT INTO `tab_engineer` VALUES ('0124', '李梅', '女', '1981-01-09', '武肃街8排14号', '博士', '17326562937', 10, 12500);
INSERT INTO `tab_engineer` VALUES ('0125', '刘燕君', '男', '1980-05-07', '武肃街3排20号', '本科', '17358906248', 2, 7500);
INSERT INTO `tab_engineer` VALUES ('0126', '李梅', '女', '1997-05-07', '武肃街1排9号', '本科', '17307377158', 10, 7500);
INSERT INTO `tab_engineer` VALUES ('0127', '李慧', '男', '1995-09-27', '武肃街3排16号', '高中', '17343337054', 9, 1750);
INSERT INTO `tab_engineer` VALUES ('0128', '李梅', '男', '1983-04-10', '武肃街8排9号', '博士', '17371186984', 10, 12500);
INSERT INTO `tab_engineer` VALUES ('0129', '李梅', '男', '1980-09-12', '武肃街9排11号', '中专', '17341379754', 3, 2500);
INSERT INTO `tab_engineer` VALUES ('0130', '李慧', '女', '1985-03-15', '武肃街4排9号', '高中', '17366163856', 5, 1750);
INSERT INTO `tab_engineer` VALUES ('0131', '周娟', '女', '1991-02-18', '武肃街6排3号', '专科', '17325141022', 6, 5000);
INSERT INTO `tab_engineer` VALUES ('0132', '王晓军', '男', '1982-11-09', '武肃街6排11号', '本科', '17364440288', 1, 7500);
INSERT INTO `tab_engineer` VALUES ('0133', '王晓军', '男', '1988-12-12', '武肃街5排15号', '专科', '17355322330', 8, 5000);
INSERT INTO `tab_engineer` VALUES ('0134', '李慧', '男', '1990-05-28', '武肃街1排3号', '硕士', '17380409289', 1, 10000);
INSERT INTO `tab_engineer` VALUES ('0135', '杨辉', '男', '1993-06-10', '武肃街7排17号', '硕士', '17328340652', 3, 10000);
INSERT INTO `tab_engineer` VALUES ('0136', '李慧', '男', '1981-03-18', '武肃街10排5号', '本科', '17367303262', 8, 7500);
INSERT INTO `tab_engineer` VALUES ('0137', '王晓军', '女', '1992-03-17', '武肃街1排18号', '高中', '17376427080', 1, 1750);
INSERT INTO `tab_engineer` VALUES ('0138', '刘燕君', '男', '1996-08-21', '武肃街1排10号', '专科', '17327913376', 9, 5000);
INSERT INTO `tab_engineer` VALUES ('0139', '李慧', '女', '1997-01-17', '武肃街3排20号', '中专', '17395329647', 10, 2500);
INSERT INTO `tab_engineer` VALUES ('0140', '张小明', '男', '1982-05-20', '武肃街5排2号', '专科', '17346945423', 5, 5000);
INSERT INTO `tab_engineer` VALUES ('0141', '李慧', '男', '1998-01-24', '武肃街6排3号', '专科', '17395378737', 8, 5000);
INSERT INTO `tab_engineer` VALUES ('0142', '李慧', '女', '1999-03-27', '武肃街6排12号', '硕士', '17357366424', 2, 10000);
INSERT INTO `tab_engineer` VALUES ('0143', '刘燕君', '女', '1987-04-09', '武肃街7排19号', '中专', '17366604901', 1, 2500);
INSERT INTO `tab_engineer` VALUES ('0144', '王晓军', '女', '1997-02-01', '武肃街3排6号', '中专', '17300140827', 7, 2500);
INSERT INTO `tab_engineer` VALUES ('0145', '杨辉', '男', '1995-05-06', '武肃街10排5号', '本科', '17396305573', 7, 7500);
INSERT INTO `tab_engineer` VALUES ('0146', '王晓军', '男', '1984-10-04', '武肃街3排19号', '博士', '17305105059', 1, 12500);
INSERT INTO `tab_engineer` VALUES ('0147', '王晓军', '女', '1986-08-08', '武肃街1排14号', '博士', '17323985168', 9, 12500);
INSERT INTO `tab_engineer` VALUES ('0148', '李慧', '女', '1998-07-04', '武肃街2排11号', '中专', '17312613544', 2, 2500);
INSERT INTO `tab_engineer` VALUES ('0149', '张小明', '男', '1980-01-05', '武肃街2排16号', '博士', '17334151119', 3, 12500);
INSERT INTO `tab_engineer` VALUES ('0150', '杨辉', '女', '1985-02-05', '武肃街8排3号', '博士', '17369981041', 4, 12500);
INSERT INTO `tab_engineer` VALUES ('0151', '刘燕君', '女', '1998-02-11', '武肃街9排8号', '硕士', '17361683948', 10, 10000);
INSERT INTO `tab_engineer` VALUES ('0152', '周娟', '男', '1996-12-10', '武肃街2排13号', '专科', '17373042480', 1, 5000);
INSERT INTO `tab_engineer` VALUES ('0153', '张小明', '女', '1980-08-18', '武肃街7排3号', '高中', '17360269483', 10, 1750);
INSERT INTO `tab_engineer` VALUES ('0154', '杨辉', '男', '1983-02-04', '武肃街4排13号', '专科', '17352577203', 6, 5000);
INSERT INTO `tab_engineer` VALUES ('0155', '李梅', '男', '1991-04-14', '武肃街7排14号', '博士', '17379257949', 10, 12500);
INSERT INTO `tab_engineer` VALUES ('0156', '刘燕君', '男', '1998-03-27', '武肃街2排16号', '博士', '17387115997', 7, 12500);
INSERT INTO `tab_engineer` VALUES ('0157', '张小明', '男', '1990-07-23', '武肃街3排2号', '高中', '17326683090', 6, 1750);
INSERT INTO `tab_engineer` VALUES ('0158', '李慧', '男', '1982-01-05', '武肃街1排9号', '博士', '17334993410', 10, 12500);
INSERT INTO `tab_engineer` VALUES ('0159', '杨辉', '男', '1987-01-08', '武肃街1排9号', '中专', '17325088625', 9, 2500);
INSERT INTO `tab_engineer` VALUES ('0160', '周娟', '女', '1985-03-11', '武肃街5排15号', '高中', '17393181524', 1, 1750);
INSERT INTO `tab_engineer` VALUES ('0161', '周娟', '女', '1985-05-29', '武肃街4排18号', '高中', '17318957068', 7, 1750);
INSERT INTO `tab_engineer` VALUES ('0162', '刘燕君', '女', '1981-06-06', '武肃街2排6号', '高中', '17384961986', 4, 1750);
INSERT INTO `tab_engineer` VALUES ('0163', '杨辉', '女', '1991-03-04', '武肃街4排1号', '高中', '17380748811', 9, 1750);
INSERT INTO `tab_engineer` VALUES ('0164', '李梅', '女', '1986-02-25', '武肃街8排6号', '博士', '17324318170', 1, 12500);
INSERT INTO `tab_engineer` VALUES ('0165', '杨辉', '男', '1986-08-05', '武肃街8排19号', '硕士', '17320672099', 5, 10000);
INSERT INTO `tab_engineer` VALUES ('0166', '周娟', '女', '1998-03-06', '武肃街5排10号', '中专', '17395444424', 1, 2500);
INSERT INTO `tab_engineer` VALUES ('0167', '李慧', '男', '1995-06-23', '武肃街9排14号', '专科', '17318299169', 6, 5000);
INSERT INTO `tab_engineer` VALUES ('0168', '王晓军', '女', '1988-06-11', '武肃街5排15号', '中专', '17367868682', 3, 2500);
INSERT INTO `tab_engineer` VALUES ('0169', '张小明', '男', '1990-10-08', '武肃街5排18号', '博士', '17305162194', 9, 12500);
INSERT INTO `tab_engineer` VALUES ('0170', '李梅', '男', '1993-10-12', '武肃街1排3号', '本科', '17310934277', 2, 7500);
INSERT INTO `tab_engineer` VALUES ('0171', '李慧', '女', '1981-09-24', '武肃街5排17号', '专科', '17395135423', 6, 5000);
INSERT INTO `tab_engineer` VALUES ('0172', '张小明', '女', '1997-08-17', '武肃街1排10号', '博士', '17382018593', 6, 12500);
INSERT INTO `tab_engineer` VALUES ('0173', '李慧', '男', '1988-09-27', '武肃街5排19号', '专科', '17370949964', 7, 5000);
INSERT INTO `tab_engineer` VALUES ('0174', '王晓军', '男', '1990-11-26', '武肃街8排17号', '高中', '17362190961', 2, 1750);
INSERT INTO `tab_engineer` VALUES ('0175', '李慧', '女', '1984-05-12', '武肃街10排7号', '博士', '17353438882', 5, 12500);
INSERT INTO `tab_engineer` VALUES ('0176', '李梅', '男', '1980-07-19', '武肃街3排15号', '中专', '17339993805', 7, 2500);
INSERT INTO `tab_engineer` VALUES ('0177', '刘燕君', '男', '1984-09-26', '武肃街1排20号', '博士', '17311112021', 9, 12500);
INSERT INTO `tab_engineer` VALUES ('0178', '徐建豪', '女', '1989-04-25', '武肃街1排17号', '专科', '17320174553', 6, 5000);
INSERT INTO `tab_engineer` VALUES ('0179', '王晓军', '女', '1996-01-27', '武肃街1排5号', '本科', '17325800776', 10, 7500);
INSERT INTO `tab_engineer` VALUES ('0180', '王晓军', '男', '1990-04-14', '武肃街7排5号', '中专', '17367698720', 7, 2500);
INSERT INTO `tab_engineer` VALUES ('0181', '杨辉', '男', '1986-03-27', '武肃街5排6号', '硕士', '17344713251', 10, 10000);
INSERT INTO `tab_engineer` VALUES ('0182', '周娟', '男', '1986-03-02', '武肃街4排15号', '硕士', '17320534025', 3, 10000);
INSERT INTO `tab_engineer` VALUES ('0183', '王晓军', '女', '1991-05-04', '武肃街5排18号', '硕士', '17380993373', 4, 10000);
INSERT INTO `tab_engineer` VALUES ('0184', '李梅', '女', '1989-04-11', '武肃街9排6号', '中专', '17327522745', 6, 2500);
INSERT INTO `tab_engineer` VALUES ('0185', '李梅', '女', '1987-06-04', '武肃街5排10号', '专科', '17385505482', 8, 5000);
INSERT INTO `tab_engineer` VALUES ('0186', '李慧', '女', '1985-09-12', '武肃街3排13号', '中专', '17328091528', 4, 2500);
INSERT INTO `tab_engineer` VALUES ('0187', '王晓军', '男', '1989-04-11', '武肃街8排19号', '专科', '17317352553', 9, 5000);
INSERT INTO `tab_engineer` VALUES ('0188', '李梅', '男', '1998-02-22', '武肃街7排8号', '本科', '17362711690', 2, 7500);
INSERT INTO `tab_engineer` VALUES ('0189', '刘燕君', '男', '1982-07-17', '武肃街2排18号', '高中', '17330536181', 3, 1750);
INSERT INTO `tab_engineer` VALUES ('0190', '徐建豪', '男', '1981-04-30', '武肃街9排6号', '博士', '17331419634', 3, 12500);
INSERT INTO `tab_engineer` VALUES ('0191', '徐建豪', '女', '1998-10-01', '武肃街8排9号', '硕士', '17335457499', 3, 10000);
INSERT INTO `tab_engineer` VALUES ('0192', '王晓军', '男', '1990-06-25', '武肃街10排2号', '本科', '17373377786', 5, 7500);
INSERT INTO `tab_engineer` VALUES ('0193', '李慧', '女', '1998-01-07', '武肃街8排5号', '中专', '17377899262', 3, 2500);
INSERT INTO `tab_engineer` VALUES ('0194', '王晓军', '女', '1997-05-25', '武肃街5排1号', '专科', '17312071904', 10, 5000);
INSERT INTO `tab_engineer` VALUES ('0195', '李慧', '男', '1987-11-05', '武肃街3排10号', '中专', '17344623662', 3, 2500);
INSERT INTO `tab_engineer` VALUES ('0196', '李梅', '女', '1986-03-26', '武肃街3排2号', '硕士', '17315567916', 1, 10000);
INSERT INTO `tab_engineer` VALUES ('0197', '李梅', '女', '1981-07-17', '武肃街8排5号', '高中', '17310864203', 10, 1750);
INSERT INTO `tab_engineer` VALUES ('0198', '周娟', '女', '1988-03-09', '武肃街2排15号', '中专', '17389849601', 2, 2500);
INSERT INTO `tab_engineer` VALUES ('0199', '张小明', '男', '1991-12-28', '武肃街7排3号', '高中', '17307919410', 2, 1750);
INSERT INTO `tab_engineer` VALUES ('0200', '张小明', '男', '1998-12-20', '武肃街4排3号', '硕士', '17314411568', 2, 10000);
INSERT INTO `tab_engineer` VALUES ('0201', '李慧', '女', '1980-02-15', '武肃街6排10号', '专科', '17315597752', 5, 5000);
INSERT INTO `tab_engineer` VALUES ('0202', '刘燕君', '男', '1993-07-02', '武肃街10排8号', '本科', '17342653224', 10, 7500);
INSERT INTO `tab_engineer` VALUES ('0203', '李梅', '男', '1990-01-11', '武肃街1排20号', '专科', '17370105660', 1, 5000);
INSERT INTO `tab_engineer` VALUES ('0204', '刘燕君', '女', '1982-06-16', '武肃街7排13号', '中专', '17336986278', 3, 2500);
INSERT INTO `tab_engineer` VALUES ('0205', '杨辉', '男', '1998-12-04', '武肃街2排9号', '专科', '17399907434', 5, 5000);
INSERT INTO `tab_engineer` VALUES ('0206', '张小明', '男', '1985-02-23', '武肃街8排19号', '本科', '17300055215', 10, 7500);
INSERT INTO `tab_engineer` VALUES ('0207', '王晓军', '男', '1988-01-03', '武肃街5排15号', '博士', '17384021807', 5, 12500);
INSERT INTO `tab_engineer` VALUES ('0208', '李梅', '女', '1983-08-31', '武肃街10排18号', '硕士', '17322584894', 8, 10000);
INSERT INTO `tab_engineer` VALUES ('0209', '杨辉', '男', '1981-10-07', '武肃街5排6号', '高中', '17301620844', 1, 1750);
INSERT INTO `tab_engineer` VALUES ('0210', '王晓军', '男', '1989-06-21', '武肃街3排4号', '专科', '17394381292', 3, 5000);
INSERT INTO `tab_engineer` VALUES ('0211', '徐建豪', '男', '1986-03-24', '武肃街6排11号', '中专', '17308106868', 5, 2500);
INSERT INTO `tab_engineer` VALUES ('0212', '李慧', '女', '1998-03-16', '武肃街6排18号', '本科', '17338488074', 1, 7500);
INSERT INTO `tab_engineer` VALUES ('0213', '周娟', '男', '1980-07-10', '武肃街5排15号', '中专', '17393346101', 2, 2500);
INSERT INTO `tab_engineer` VALUES ('0214', '刘燕君', '女', '1984-04-04', '武肃街5排10号', '中专', '17325106841', 2, 2500);
INSERT INTO `tab_engineer` VALUES ('0215', '周娟', '女', '1998-05-17', '武肃街2排8号', '硕士', '17385134961', 2, 10000);
INSERT INTO `tab_engineer` VALUES ('0216', '王晓军', '男', '1991-07-24', '武肃街10排14号', '专科', '17350122026', 2, 5000);
INSERT INTO `tab_engineer` VALUES ('0217', '张小明', '男', '1992-11-21', '武肃街8排8号', '高中', '17374908251', 8, 1750);
INSERT INTO `tab_engineer` VALUES ('0218', '李慧', '女', '1990-10-02', '武肃街10排6号', '中专', '17354768117', 10, 2500);
INSERT INTO `tab_engineer` VALUES ('0219', '李慧', '男', '1988-05-23', '武肃街1排4号', '博士', '17306248102', 10, 12500);
INSERT INTO `tab_engineer` VALUES ('0220', '刘燕君', '女', '1996-05-05', '武肃街1排20号', '博士', '17363352203', 8, 12500);
INSERT INTO `tab_engineer` VALUES ('0221', '刘燕君', '女', '1996-09-08', '武肃街9排20号', '高中', '17389366520', 7, 1750);
INSERT INTO `tab_engineer` VALUES ('0222', '杨辉', '女', '1989-01-12', '武肃街10排4号', '专科', '17361101373', 7, 5000);
INSERT INTO `tab_engineer` VALUES ('0223', '刘燕君', '女', '1990-03-08', '武肃街10排11号', '中专', '17393878122', 5, 2500);
INSERT INTO `tab_engineer` VALUES ('0224', '李慧', '女', '1981-11-07', '武肃街5排9号', '中专', '17350878003', 5, 2500);
INSERT INTO `tab_engineer` VALUES ('0225', '王晓军', '男', '1989-10-20', '武肃街6排11号', '专科', '17381738476', 6, 5000);
INSERT INTO `tab_engineer` VALUES ('0226', '周娟', '女', '1986-05-03', '武肃街10排1号', '专科', '17396632347', 5, 5000);
INSERT INTO `tab_engineer` VALUES ('0227', '周娟', '男', '1997-10-28', '武肃街5排5号', '本科', '17369884071', 6, 7500);
INSERT INTO `tab_engineer` VALUES ('0228', '张小明', '男', '1994-12-30', '武肃街2排10号', '博士', '17313317516', 7, 12500);
INSERT INTO `tab_engineer` VALUES ('0229', '刘燕君', '女', '1995-01-10', '武肃街6排7号', '硕士', '17388696428', 5, 10000);
INSERT INTO `tab_engineer` VALUES ('0230', '杨辉', '女', '1994-07-20', '武肃街5排3号', '中专', '17351237570', 10, 2500);
INSERT INTO `tab_engineer` VALUES ('0231', '王晓军', '男', '1998-07-25', '武肃街7排11号', '专科', '17370047193', 7, 5000);
INSERT INTO `tab_engineer` VALUES ('0232', '杨辉', '男', '1988-09-20', '武肃街5排6号', '中专', '17363847624', 7, 2500);
INSERT INTO `tab_engineer` VALUES ('0233', '李慧', '男', '1985-07-29', '武肃街8排19号', '博士', '17355703505', 9, 12500);
INSERT INTO `tab_engineer` VALUES ('0234', '杨辉', '女', '1987-06-29', '武肃街9排15号', '中专', '17301112802', 4, 2500);
INSERT INTO `tab_engineer` VALUES ('0235', '周娟', '女', '1992-11-23', '武肃街10排3号', '专科', '17323877729', 3, 5000);
INSERT INTO `tab_engineer` VALUES ('0236', '王晓军', '女', '1995-12-25', '武肃街2排10号', '高中', '17326677487', 7, 1750);
INSERT INTO `tab_engineer` VALUES ('0237', '刘燕君', '女', '1989-08-25', '武肃街9排1号', '本科', '17313377308', 4, 7500);
INSERT INTO `tab_engineer` VALUES ('0238', '王晓军', '女', '1984-10-30', '武肃街6排18号', '博士', '17305978466', 7, 12500);
INSERT INTO `tab_engineer` VALUES ('0239', '徐建豪', '女', '1998-12-14', '武肃街3排7号', '本科', '17388919082', 4, 7500);
INSERT INTO `tab_engineer` VALUES ('0240', '王晓军', '女', '1984-05-18', '武肃街8排18号', '高中', '17349155474', 5, 1750);
INSERT INTO `tab_engineer` VALUES ('0241', '王晓军', '男', '1996-08-09', '武肃街8排14号', '博士', '17347165430', 1, 12500);
INSERT INTO `tab_engineer` VALUES ('0242', '徐建豪', '男', '1989-01-31', '武肃街5排16号', '博士', '17331884765', 1, 12500);
INSERT INTO `tab_engineer` VALUES ('0243', '杨辉', '男', '1999-03-16', '武肃街5排1号', '本科', '17384941436', 10, 7500);
INSERT INTO `tab_engineer` VALUES ('0244', '李梅', '男', '1991-10-23', '武肃街4排3号', '高中', '17388259250', 2, 1750);
INSERT INTO `tab_engineer` VALUES ('0245', '李慧', '男', '1989-01-21', '武肃街8排2号', '硕士', '17316569373', 3, 10000);
INSERT INTO `tab_engineer` VALUES ('0246', '张小明', '女', '1986-02-24', '武肃街4排13号', '博士', '17371689416', 1, 12500);
INSERT INTO `tab_engineer` VALUES ('0247', '王晓军', '女', '1986-02-01', '武肃街5排8号', '中专', '17302625483', 2, 2500);
INSERT INTO `tab_engineer` VALUES ('0248', '杨辉', '男', '1994-12-06', '武肃街4排19号', '硕士', '17351855254', 2, 10000);
INSERT INTO `tab_engineer` VALUES ('0249', '李梅', '女', '1987-01-24', '武肃街9排14号', '中专', '17346097648', 1, 2500);
INSERT INTO `tab_engineer` VALUES ('0250', '王晓军', '男', '1990-10-14', '武肃街2排19号', '专科', '17337500223', 3, 5000);
INSERT INTO `tab_engineer` VALUES ('0251', '杨辉', '男', '1981-05-11', '武肃街9排3号', '中专', '17323480717', 7, 2500);
INSERT INTO `tab_engineer` VALUES ('0252', '周娟', '男', '1993-09-07', '武肃街9排2号', '博士', '17328930568', 3, 12500);
INSERT INTO `tab_engineer` VALUES ('0253', '李慧', '男', '1985-11-22', '武肃街4排20号', '博士', '17374679986', 1, 12500);
INSERT INTO `tab_engineer` VALUES ('0254', '刘燕君', '男', '1998-05-06', '武肃街8排7号', '中专', '17321838677', 9, 2500);
INSERT INTO `tab_engineer` VALUES ('0255', '周娟', '女', '1982-09-26', '武肃街7排1号', '博士', '17378226094', 10, 12500);
INSERT INTO `tab_engineer` VALUES ('0256', '刘燕君', '男', '1993-11-16', '武肃街9排6号', '高中', '17369193704', 3, 1750);
INSERT INTO `tab_engineer` VALUES ('0257', '李慧', '男', '1992-11-15', '武肃街3排4号', '专科', '17308936984', 5, 5000);
INSERT INTO `tab_engineer` VALUES ('0258', '张小明', '女', '1998-07-11', '武肃街3排18号', '本科', '17363532293', 6, 7500);
INSERT INTO `tab_engineer` VALUES ('0259', '王晓军', '男', '1995-04-25', '武肃街5排19号', '专科', '17318768284', 3, 5000);
INSERT INTO `tab_engineer` VALUES ('0260', '李梅', '男', '1985-07-14', '武肃街9排2号', '博士', '17397419909', 8, 12500);
INSERT INTO `tab_engineer` VALUES ('0261', '王晓军', '男', '1992-07-30', '武肃街4排7号', '专科', '17398433550', 8, 5000);
INSERT INTO `tab_engineer` VALUES ('0262', '张小明', '女', '1998-07-03', '武肃街1排12号', '博士', '17397055938', 6, 12500);
INSERT INTO `tab_engineer` VALUES ('0263', '张小明', '女', '1994-02-02', '武肃街6排16号', '专科', '17373011238', 7, 5000);
INSERT INTO `tab_engineer` VALUES ('0264', '刘燕君', '男', '1998-08-22', '武肃街7排16号', '高中', '17325370658', 1, 1750);
INSERT INTO `tab_engineer` VALUES ('0265', '李梅', '男', '1988-05-12', '武肃街1排20号', '中专', '17338731840', 3, 2500);
INSERT INTO `tab_engineer` VALUES ('0266', '刘燕君', '男', '1992-01-30', '武肃街9排11号', '中专', '17390184408', 1, 2500);
INSERT INTO `tab_engineer` VALUES ('0267', '刘燕君', '女', '1991-05-13', '武肃街4排15号', '中专', '17358509432', 9, 2500);
INSERT INTO `tab_engineer` VALUES ('0268', '刘燕君', '男', '1991-10-06', '武肃街2排13号', '本科', '17341251393', 2, 7500);
INSERT INTO `tab_engineer` VALUES ('0269', '李梅', '男', '1999-05-01', '武肃街8排4号', '高中', '17336677290', 1, 1750);
INSERT INTO `tab_engineer` VALUES ('0270', '张小明', '男', '1992-02-27', '武肃街4排1号', '高中', '17354134108', 5, 1750);
INSERT INTO `tab_engineer` VALUES ('0271', '刘燕君', '女', '1985-08-06', '武肃街10排1号', '博士', '17318651148', 10, 12500);
INSERT INTO `tab_engineer` VALUES ('0272', '周娟', '女', '1990-03-06', '武肃街8排13号', '硕士', '17379768955', 10, 10000);
INSERT INTO `tab_engineer` VALUES ('0273', '李梅', '女', '1983-10-26', '武肃街7排18号', '专科', '17377843057', 3, 5000);
INSERT INTO `tab_engineer` VALUES ('0274', '李慧', '男', '1991-10-27', '武肃街8排16号', '中专', '17395299719', 4, 2500);
INSERT INTO `tab_engineer` VALUES ('0275', '李梅', '女', '1989-11-20', '武肃街2排10号', '高中', '17308568041', 5, 1750);
INSERT INTO `tab_engineer` VALUES ('0276', '刘燕君', '男', '1989-04-02', '武肃街4排16号', '专科', '17365994927', 3, 5000);
INSERT INTO `tab_engineer` VALUES ('0277', '李梅', '男', '1984-05-24', '武肃街2排9号', '硕士', '17314062418', 1, 10000);
INSERT INTO `tab_engineer` VALUES ('0278', '杨辉', '女', '1996-07-10', '武肃街6排16号', '硕士', '17338501266', 7, 10000);
INSERT INTO `tab_engineer` VALUES ('0279', '王晓军', '男', '1984-09-20', '武肃街5排16号', '博士', '17377649365', 8, 12500);
INSERT INTO `tab_engineer` VALUES ('0280', '刘燕君', '男', '1994-04-06', '武肃街9排4号', '高中', '17321970015', 3, 1750);
INSERT INTO `tab_engineer` VALUES ('0281', '周娟', '男', '1990-05-01', '武肃街2排10号', '中专', '17369647828', 1, 2500);
INSERT INTO `tab_engineer` VALUES ('0282', '周娟', '男', '1984-11-06', '武肃街6排16号', '博士', '17368283190', 8, 12500);
INSERT INTO `tab_engineer` VALUES ('0283', '徐建豪', '女', '1982-01-25', '武肃街6排16号', '专科', '17385600512', 8, 5000);
INSERT INTO `tab_engineer` VALUES ('0284', '徐建豪', '女', '1992-12-17', '武肃街4排12号', '专科', '17304088935', 7, 5000);
INSERT INTO `tab_engineer` VALUES ('0285', '周娟', '女', '1983-10-01', '武肃街9排15号', '本科', '17340808921', 1, 7500);
INSERT INTO `tab_engineer` VALUES ('0286', '周娟', '男', '1995-08-28', '武肃街6排20号', '高中', '17382770706', 2, 1750);
INSERT INTO `tab_engineer` VALUES ('0287', '李梅', '女', '1998-10-23', '武肃街5排14号', '高中', '17389367794', 4, 1750);
INSERT INTO `tab_engineer` VALUES ('0288', '徐建豪', '男', '1999-02-18', '武肃街2排5号', '硕士', '17351779121', 3, 10000);
INSERT INTO `tab_engineer` VALUES ('0289', '李梅', '女', '1995-07-11', '武肃街2排3号', '高中', '17370469727', 2, 1750);
INSERT INTO `tab_engineer` VALUES ('0290', '李梅', '女', '1989-10-19', '武肃街1排2号', '高中', '17346248259', 7, 1750);
INSERT INTO `tab_engineer` VALUES ('0291', '杨辉', '男', '1999-04-17', '武肃街6排7号', '本科', '17305687841', 8, 7500);
INSERT INTO `tab_engineer` VALUES ('0292', '李慧', '女', '1983-11-18', '武肃街6排3号', '高中', '17340842719', 9, 1750);
INSERT INTO `tab_engineer` VALUES ('0293', '李慧', '女', '1989-07-10', '武肃街8排19号', '本科', '17307433918', 1, 7500);
INSERT INTO `tab_engineer` VALUES ('0294', '李梅', '男', '1983-07-14', '武肃街8排14号', '博士', '17304316117', 5, 12500);
INSERT INTO `tab_engineer` VALUES ('0295', '杨辉', '女', '1991-09-22', '武肃街8排13号', '本科', '17368350960', 2, 7500);
INSERT INTO `tab_engineer` VALUES ('0296', '李慧', '女', '1996-10-21', '武肃街3排1号', '专科', '17364034263', 10, 5000);
INSERT INTO `tab_engineer` VALUES ('0297', '刘燕君', '女', '1989-02-16', '武肃街5排1号', '专科', '17355941360', 8, 5000);
INSERT INTO `tab_engineer` VALUES ('0298', '徐建豪', '男', '1989-05-14', '武肃街5排13号', '高中', '17398039459', 10, 1750);
INSERT INTO `tab_engineer` VALUES ('0299', '李梅', '女', '1980-10-26', '武肃街5排4号', '专科', '17399590218', 7, 5000);
INSERT INTO `tab_engineer` VALUES ('0300', '张小明', '女', '1982-05-31', '武肃街3排7号', '硕士', '17327814791', 1, 10000);
INSERT INTO `tab_engineer` VALUES ('0301', '周娟', '女', '1992-09-10', '武肃街10排5号', '硕士', '17326540845', 5, 10000);
INSERT INTO `tab_engineer` VALUES ('0302', '刘燕君', '女', '1994-06-20', '武肃街6排15号', '博士', '17346255606', 9, 12500);
INSERT INTO `tab_engineer` VALUES ('0303', '王晓军', '女', '1996-03-20', '武肃街9排10号', '高中', '17347702465', 10, 1750);
INSERT INTO `tab_engineer` VALUES ('0304', '李梅', '女', '1981-03-01', '武肃街2排10号', '专科', '17379780167', 5, 5000);
INSERT INTO `tab_engineer` VALUES ('0305', '刘燕君', '男', '1994-04-24', '武肃街10排17号', '本科', '17378601463', 9, 7500);
INSERT INTO `tab_engineer` VALUES ('0306', '王晓军', '男', '1991-08-05', '武肃街9排16号', '中专', '17352411517', 5, 2500);
INSERT INTO `tab_engineer` VALUES ('0307', '李慧', '男', '1994-03-31', '武肃街7排20号', '专科', '17338737695', 8, 5000);
INSERT INTO `tab_engineer` VALUES ('0308', '李慧', '男', '1992-11-04', '武肃街6排13号', '本科', '17332861433', 1, 7500);
INSERT INTO `tab_engineer` VALUES ('0309', '杨辉', '女', '1986-03-17', '武肃街4排9号', '硕士', '17324707755', 6, 10000);
INSERT INTO `tab_engineer` VALUES ('0310', '周娟', '女', '1985-04-02', '武肃街9排20号', '专科', '17324464920', 8, 5000);
INSERT INTO `tab_engineer` VALUES ('0311', '王晓军', '男', '1994-10-18', '武肃街7排10号', '硕士', '17370725894', 9, 10000);
INSERT INTO `tab_engineer` VALUES ('0312', '王晓军', '女', '1985-07-17', '武肃街10排16号', '中专', '17363680352', 6, 2500);
INSERT INTO `tab_engineer` VALUES ('0313', '杨辉', '男', '1986-08-15', '武肃街2排1号', '博士', '17319944282', 8, 12500);
INSERT INTO `tab_engineer` VALUES ('0314', '周娟', '女', '1991-11-27', '武肃街9排17号', '高中', '17392674136', 2, 1750);
INSERT INTO `tab_engineer` VALUES ('0315', '张小明', '女', '1995-07-05', '武肃街9排13号', '中专', '17370657914', 4, 2500);
INSERT INTO `tab_engineer` VALUES ('0316', '张小明', '女', '1996-06-18', '武肃街3排10号', '硕士', '17392831989', 10, 10000);
INSERT INTO `tab_engineer` VALUES ('0317', '张小明', '女', '1998-03-17', '武肃街4排11号', '博士', '17386826021', 1, 12500);
INSERT INTO `tab_engineer` VALUES ('0318', '周娟', '女', '1997-04-17', '武肃街6排10号', '高中', '17311012544', 5, 1750);
INSERT INTO `tab_engineer` VALUES ('0319', '李慧', '男', '1980-01-06', '武肃街9排9号', '中专', '17336155647', 10, 2500);
INSERT INTO `tab_engineer` VALUES ('0320', '李梅', '男', '1993-11-22', '武肃街10排11号', '硕士', '17361191369', 1, 10000);
INSERT INTO `tab_engineer` VALUES ('0321', '张小明', '女', '1994-03-07', '武肃街3排13号', '硕士', '17371209293', 2, 10000);
INSERT INTO `tab_engineer` VALUES ('0322', '王晓军', '女', '1984-02-12', '武肃街2排11号', '博士', '17316458994', 9, 12500);
INSERT INTO `tab_engineer` VALUES ('0323', '王晓军', '男', '1980-05-11', '武肃街8排13号', '专科', '17308400046', 3, 5000);
INSERT INTO `tab_engineer` VALUES ('0324', '李梅', '女', '1983-12-24', '武肃街4排19号', '中专', '17338138962', 4, 2500);
INSERT INTO `tab_engineer` VALUES ('0325', '杨辉', '女', '1992-03-24', '武肃街3排17号', '本科', '17353825409', 3, 7500);
INSERT INTO `tab_engineer` VALUES ('0326', '李慧', '女', '1994-05-13', '武肃街7排15号', '硕士', '17395751132', 7, 10000);
INSERT INTO `tab_engineer` VALUES ('0327', '杨辉', '男', '1993-05-02', '武肃街8排4号', '硕士', '17373371476', 4, 10000);
INSERT INTO `tab_engineer` VALUES ('0328', '周娟', '女', '1990-03-18', '武肃街3排7号', '本科', '17329067621', 5, 7500);
INSERT INTO `tab_engineer` VALUES ('0329', '刘燕君', '男', '1998-07-03', '武肃街4排2号', '硕士', '17370689986', 6, 10000);
INSERT INTO `tab_engineer` VALUES ('0330', '杨辉', '女', '1985-03-01', '武肃街8排19号', '高中', '17331410678', 5, 1750);
INSERT INTO `tab_engineer` VALUES ('0331', '徐建豪', '男', '1995-01-31', '武肃街7排7号', '中专', '17378178873', 7, 2500);
INSERT INTO `tab_engineer` VALUES ('0332', '王晓军', '女', '1980-10-28', '武肃街1排10号', '高中', '17396783160', 6, 1750);
INSERT INTO `tab_engineer` VALUES ('0333', '刘燕君', '女', '1992-02-19', '武肃街7排3号', '专科', '17349695047', 10, 5000);
INSERT INTO `tab_engineer` VALUES ('0334', '刘燕君', '男', '1997-09-07', '武肃街3排15号', '中专', '17371161356', 10, 2500);
INSERT INTO `tab_engineer` VALUES ('0335', '李慧', '男', '1993-09-11', '武肃街5排1号', '硕士', '17348794087', 8, 10000);
INSERT INTO `tab_engineer` VALUES ('0336', '周娟', '男', '1980-04-02', '武肃街3排16号', '博士', '17338233260', 8, 12500);
INSERT INTO `tab_engineer` VALUES ('0337', '李慧', '男', '1990-06-01', '武肃街4排3号', '中专', '17399290029', 4, 2500);
INSERT INTO `tab_engineer` VALUES ('0338', '杨辉', '男', '1986-05-03', '武肃街3排7号', '高中', '17399423211', 3, 1750);
INSERT INTO `tab_engineer` VALUES ('0339', '李慧', '女', '1987-09-29', '武肃街6排16号', '硕士', '17351174804', 1, 10000);
INSERT INTO `tab_engineer` VALUES ('0340', '李慧', '男', '1990-12-09', '武肃街10排18号', '专科', '17385907853', 6, 5000);
INSERT INTO `tab_engineer` VALUES ('0341', '李梅', '女', '1991-06-25', '武肃街8排2号', '专科', '17391193931', 10, 5000);
INSERT INTO `tab_engineer` VALUES ('0342', '周娟', '男', '1992-04-21', '武肃街7排12号', '博士', '17334975704', 5, 12500);
INSERT INTO `tab_engineer` VALUES ('0343', '李梅', '女', '1982-04-16', '武肃街1排8号', '高中', '17382961840', 6, 1750);
INSERT INTO `tab_engineer` VALUES ('0344', '杨辉', '女', '1984-03-02', '武肃街5排14号', '博士', '17372878436', 2, 12500);
INSERT INTO `tab_engineer` VALUES ('0345', '王晓军', '男', '1994-05-26', '武肃街4排16号', '硕士', '17301947197', 4, 10000);
INSERT INTO `tab_engineer` VALUES ('0346', '徐建豪', '男', '1988-10-19', '武肃街7排3号', '硕士', '17336053939', 10, 10000);
INSERT INTO `tab_engineer` VALUES ('0347', '王晓军', '女', '1986-05-08', '武肃街2排9号', '专科', '17370090613', 3, 5000);
INSERT INTO `tab_engineer` VALUES ('0348', '杨辉', '男', '1994-09-23', '武肃街5排13号', '本科', '17322951319', 3, 7500);
INSERT INTO `tab_engineer` VALUES ('0349', '杨辉', '女', '1992-05-31', '武肃街9排19号', '中专', '17338070228', 1, 2500);
INSERT INTO `tab_engineer` VALUES ('1', '陈文', '男', '2020-03-17', '1', '1', '1', 1, 1);
INSERT INTO `tab_engineer` VALUES ('1000', '吴景涛', '男', '2020-02-21', '金华', '博士', '17326083818', 50, 62000);
INSERT INTO `tab_engineer` VALUES ('1002', '美好鱼', '男', '2020-02-21', '台州', '高中', '17326083818', 5, 5000);
INSERT INTO `tab_engineer` VALUES ('12345', '啊啊', '男', '2020-03-31', '', '', '', 0, 0);
INSERT INTO `tab_engineer` VALUES ('341', '啊啊啊啊', '男', '2020-01-01', '', '', '', 0, 0);
INSERT INTO `tab_engineer` VALUES ('34535', '暗示法', '男', '2020-12-31', '', '', '', 0, -100);
INSERT INTO `tab_engineer` VALUES ('434321', '撒粉', '男', '2020-12-01', '', '', '', 0, 0);

-- ----------------------------
-- Table structure for tab_salary
-- ----------------------------
DROP TABLE IF EXISTS `tab_salary`;
CREATE TABLE `tab_salary`  (
  `sid` int(11) NOT NULL AUTO_INCREMENT,
  `base_pay` double NULL DEFAULT NULL,
  `working_days` int(11) NULL DEFAULT NULL,
  `insurance` double NULL DEFAULT NULL,
  `salary` double NULL DEFAULT NULL,
  `id` varchar(11) CHARACTER SET utf8 COLLATE utf8_general_ci NULL DEFAULT NULL,
  PRIMARY KEY (`sid`) USING BTREE,
  INDEX `id`(`id`) USING BTREE,
  CONSTRAINT `tab_salary_ibfk_1` FOREIGN KEY (`id`) REFERENCES `tab_engineer` (`id`) ON DELETE RESTRICT ON UPDATE RESTRICT
) ENGINE = InnoDB AUTO_INCREMENT = 367 CHARACTER SET = utf8 COLLATE = utf8_general_ci ROW_FORMAT = Compact;

-- ----------------------------
-- Records of tab_salary
-- ----------------------------
INSERT INTO `tab_salary` VALUES (11, 300, 25, 500, 7500, '0001');
INSERT INTO `tab_salary` VALUES (12, 400, 25, 500, 10000, '0002');
INSERT INTO `tab_salary` VALUES (13, 500, 25, 500, 12500, '0003');
INSERT INTO `tab_salary` VALUES (14, 100, 25, 500, 2500, '0004');
INSERT INTO `tab_salary` VALUES (15, 100, 25, 500, 2500, '0005');
INSERT INTO `tab_salary` VALUES (16, 100, 25, 500, 2500, '0006');
INSERT INTO `tab_salary` VALUES (17, 200, 25, 500, 5000, '0007');
INSERT INTO `tab_salary` VALUES (18, 200, 25, 500, 5000, '0008');
INSERT INTO `tab_salary` VALUES (19, 300, 25, 500, 7500, '0009');
INSERT INTO `tab_salary` VALUES (20, 100, 25, 500, 2500, '0010');
INSERT INTO `tab_salary` VALUES (21, 500, 25, 500, 12500, '0011');
INSERT INTO `tab_salary` VALUES (22, 300, 25, 500, 7500, '0012');
INSERT INTO `tab_salary` VALUES (23, 100, 25, 500, 2500, '0013');
INSERT INTO `tab_salary` VALUES (24, 400, 25, 500, 10000, '0014');
INSERT INTO `tab_salary` VALUES (25, 400, 25, 500, 10000, '0015');
INSERT INTO `tab_salary` VALUES (26, 100, 25, 500, 2500, '0016');
INSERT INTO `tab_salary` VALUES (27, 70, 25, 500, 1750, '0017');
INSERT INTO `tab_salary` VALUES (28, 400, 25, 500, 10000, '0018');
INSERT INTO `tab_salary` VALUES (29, 70, 25, 500, 1750, '0019');
INSERT INTO `tab_salary` VALUES (30, 100, 25, 500, 2500, '0020');
INSERT INTO `tab_salary` VALUES (31, 400, 25, 500, 10000, '0021');
INSERT INTO `tab_salary` VALUES (32, 300, 25, 500, 7500, '0022');
INSERT INTO `tab_salary` VALUES (33, 300, 25, 500, 7500, '0023');
INSERT INTO `tab_salary` VALUES (34, 500, 25, 500, 12500, '0024');
INSERT INTO `tab_salary` VALUES (35, 100, 25, 500, 2500, '0025');
INSERT INTO `tab_salary` VALUES (36, 500, 25, 500, 12500, '0026');
INSERT INTO `tab_salary` VALUES (37, 500, 25, 500, 12500, '0027');
INSERT INTO `tab_salary` VALUES (38, 300, 25, 500, 7500, '0028');
INSERT INTO `tab_salary` VALUES (39, 400, 25, 500, 10000, '0029');
INSERT INTO `tab_salary` VALUES (40, 300, 25, 500, 7500, '0030');
INSERT INTO `tab_salary` VALUES (41, 70, 25, 500, 1750, '0031');
INSERT INTO `tab_salary` VALUES (42, 200, 25, 500, 5000, '0032');
INSERT INTO `tab_salary` VALUES (43, 70, 25, 500, 1750, '0033');
INSERT INTO `tab_salary` VALUES (44, 70, 25, 500, 1750, '0034');
INSERT INTO `tab_salary` VALUES (45, 500, 25, 500, 12500, '0035');
INSERT INTO `tab_salary` VALUES (46, 300, 25, 500, 7500, '0036');
INSERT INTO `tab_salary` VALUES (47, 70, 25, 500, 1750, '0037');
INSERT INTO `tab_salary` VALUES (48, 100, 25, 500, 2500, '0038');
INSERT INTO `tab_salary` VALUES (49, 100, 25, 500, 2500, '0039');
INSERT INTO `tab_salary` VALUES (50, 200, 25, 500, 5000, '0040');
INSERT INTO `tab_salary` VALUES (51, 70, 25, 500, 1750, '0041');
INSERT INTO `tab_salary` VALUES (52, 100, 25, 500, 2500, '0042');
INSERT INTO `tab_salary` VALUES (53, 200, 25, 500, 5000, '0043');
INSERT INTO `tab_salary` VALUES (54, 70, 25, 500, 1750, '0044');
INSERT INTO `tab_salary` VALUES (55, 500, 25, 500, 12500, '0045');
INSERT INTO `tab_salary` VALUES (56, 300, 25, 500, 7500, '0046');
INSERT INTO `tab_salary` VALUES (57, 200, 25, 500, 5000, '0047');
INSERT INTO `tab_salary` VALUES (58, 200, 25, 500, 5000, '0048');
INSERT INTO `tab_salary` VALUES (59, 100, 25, 500, 2500, '0049');
INSERT INTO `tab_salary` VALUES (60, 300, 25, 500, 7500, '0050');
INSERT INTO `tab_salary` VALUES (61, 70, 25, 500, 1750, '0051');
INSERT INTO `tab_salary` VALUES (62, 500, 25, 500, 12500, '0052');
INSERT INTO `tab_salary` VALUES (63, 100, 25, 500, 2500, '0053');
INSERT INTO `tab_salary` VALUES (64, 300, 25, 500, 7500, '0054');
INSERT INTO `tab_salary` VALUES (65, 200, 25, 500, 5000, '0055');
INSERT INTO `tab_salary` VALUES (66, 400, 25, 500, 10000, '0056');
INSERT INTO `tab_salary` VALUES (67, 70, 25, 500, 1750, '0057');
INSERT INTO `tab_salary` VALUES (68, 200, 25, 500, 5000, '0058');
INSERT INTO `tab_salary` VALUES (69, 300, 25, 500, 7500, '0059');
INSERT INTO `tab_salary` VALUES (70, 400, 25, 500, 10000, '0060');
INSERT INTO `tab_salary` VALUES (71, 400, 25, 500, 10000, '0061');
INSERT INTO `tab_salary` VALUES (72, 200, 25, 500, 5000, '0062');
INSERT INTO `tab_salary` VALUES (73, 500, 25, 500, 12500, '0063');
INSERT INTO `tab_salary` VALUES (74, 400, 25, 500, 10000, '0064');
INSERT INTO `tab_salary` VALUES (75, 400, 25, 500, 10000, '0065');
INSERT INTO `tab_salary` VALUES (76, 200, 25, 500, 5000, '0066');
INSERT INTO `tab_salary` VALUES (77, 500, 25, 500, 12500, '0067');
INSERT INTO `tab_salary` VALUES (78, 100, 25, 500, 2500, '0068');
INSERT INTO `tab_salary` VALUES (79, 200, 25, 500, 5000, '0069');
INSERT INTO `tab_salary` VALUES (80, 100, 25, 500, 2500, '0070');
INSERT INTO `tab_salary` VALUES (81, 400, 25, 500, 10000, '0071');
INSERT INTO `tab_salary` VALUES (82, 300, 25, 500, 7500, '0072');
INSERT INTO `tab_salary` VALUES (83, 70, 25, 500, 1750, '0073');
INSERT INTO `tab_salary` VALUES (84, 200, 25, 500, 5000, '0074');
INSERT INTO `tab_salary` VALUES (85, 500, 25, 500, 12500, '0075');
INSERT INTO `tab_salary` VALUES (86, 300, 25, 500, 7500, '0076');
INSERT INTO `tab_salary` VALUES (87, 70, 25, 500, 1750, '0077');
INSERT INTO `tab_salary` VALUES (88, 300, 25, 500, 7500, '0078');
INSERT INTO `tab_salary` VALUES (89, 500, 25, 500, 12500, '0079');
INSERT INTO `tab_salary` VALUES (90, 70, 25, 500, 1750, '0080');
INSERT INTO `tab_salary` VALUES (91, 500, 25, 500, 12500, '0081');
INSERT INTO `tab_salary` VALUES (92, 400, 25, 500, 10000, '0082');
INSERT INTO `tab_salary` VALUES (93, 500, 25, 500, 12500, '0083');
INSERT INTO `tab_salary` VALUES (94, 500, 25, 500, 12500, '0084');
INSERT INTO `tab_salary` VALUES (95, 500, 25, 500, 12500, '0085');
INSERT INTO `tab_salary` VALUES (96, 200, 25, 500, 5000, '0086');
INSERT INTO `tab_salary` VALUES (97, 100, 25, 500, 2500, '0087');
INSERT INTO `tab_salary` VALUES (98, 300, 25, 500, 7500, '0088');
INSERT INTO `tab_salary` VALUES (99, 200, 25, 500, 5000, '0089');
INSERT INTO `tab_salary` VALUES (100, 500, 25, 500, 12500, '0090');
INSERT INTO `tab_salary` VALUES (101, 100, 25, 500, 2500, '0091');
INSERT INTO `tab_salary` VALUES (102, 400, 25, 500, 10000, '0092');
INSERT INTO `tab_salary` VALUES (103, 400, 25, 500, 10000, '0093');
INSERT INTO `tab_salary` VALUES (104, 100, 25, 500, 2500, '0094');
INSERT INTO `tab_salary` VALUES (105, 500, 25, 500, 12500, '0095');
INSERT INTO `tab_salary` VALUES (106, 70, 25, 500, 1750, '0096');
INSERT INTO `tab_salary` VALUES (107, 70, 25, 500, 1750, '0097');
INSERT INTO `tab_salary` VALUES (108, 100, 25, 500, 2500, '0098');
INSERT INTO `tab_salary` VALUES (109, 200, 25, 500, 5000, '0099');
INSERT INTO `tab_salary` VALUES (110, 300, 25, 500, 7500, '0100');
INSERT INTO `tab_salary` VALUES (111, 70, 25, 500, 1750, '0101');
INSERT INTO `tab_salary` VALUES (112, 500, 25, 500, 12500, '0102');
INSERT INTO `tab_salary` VALUES (113, 400, 25, 500, 10000, '0103');
INSERT INTO `tab_salary` VALUES (114, 400, 25, 500, 10000, '0104');
INSERT INTO `tab_salary` VALUES (115, 70, 25, 500, 1750, '0105');
INSERT INTO `tab_salary` VALUES (116, 300, 25, 500, 7500, '0106');
INSERT INTO `tab_salary` VALUES (117, 300, 25, 500, 7500, '0107');
INSERT INTO `tab_salary` VALUES (118, 70, 25, 500, 1750, '0108');
INSERT INTO `tab_salary` VALUES (119, 100, 25, 500, 2500, '0109');
INSERT INTO `tab_salary` VALUES (120, 400, 25, 500, 10000, '0110');
INSERT INTO `tab_salary` VALUES (121, 200, 25, 500, 5000, '0111');
INSERT INTO `tab_salary` VALUES (122, 400, 25, 500, 10000, '0112');
INSERT INTO `tab_salary` VALUES (123, 70, 25, 500, 1750, '0113');
INSERT INTO `tab_salary` VALUES (124, 70, 25, 500, 1750, '0114');
INSERT INTO `tab_salary` VALUES (125, 300, 25, 500, 7500, '0115');
INSERT INTO `tab_salary` VALUES (126, 100, 25, 500, 2500, '0116');
INSERT INTO `tab_salary` VALUES (127, 70, 25, 500, 1750, '0117');
INSERT INTO `tab_salary` VALUES (128, 70, 25, 500, 1750, '0118');
INSERT INTO `tab_salary` VALUES (129, 400, 25, 500, 10000, '0119');
INSERT INTO `tab_salary` VALUES (130, 200, 25, 500, 5000, '0120');
INSERT INTO `tab_salary` VALUES (131, 70, 25, 500, 1750, '0121');
INSERT INTO `tab_salary` VALUES (132, 200, 25, 500, 5000, '0122');
INSERT INTO `tab_salary` VALUES (133, 300, 25, 500, 7500, '0123');
INSERT INTO `tab_salary` VALUES (134, 500, 25, 500, 12500, '0124');
INSERT INTO `tab_salary` VALUES (135, 300, 25, 500, 7500, '0125');
INSERT INTO `tab_salary` VALUES (136, 300, 25, 500, 7500, '0126');
INSERT INTO `tab_salary` VALUES (137, 70, 25, 500, 1750, '0127');
INSERT INTO `tab_salary` VALUES (138, 500, 25, 500, 12500, '0128');
INSERT INTO `tab_salary` VALUES (139, 100, 25, 500, 2500, '0129');
INSERT INTO `tab_salary` VALUES (140, 70, 25, 500, 1750, '0130');
INSERT INTO `tab_salary` VALUES (141, 200, 25, 500, 5000, '0131');
INSERT INTO `tab_salary` VALUES (142, 300, 25, 500, 7500, '0132');
INSERT INTO `tab_salary` VALUES (143, 200, 25, 500, 5000, '0133');
INSERT INTO `tab_salary` VALUES (144, 400, 25, 500, 10000, '0134');
INSERT INTO `tab_salary` VALUES (145, 400, 25, 500, 10000, '0135');
INSERT INTO `tab_salary` VALUES (146, 300, 25, 500, 7500, '0136');
INSERT INTO `tab_salary` VALUES (147, 70, 25, 500, 1750, '0137');
INSERT INTO `tab_salary` VALUES (148, 200, 25, 500, 5000, '0138');
INSERT INTO `tab_salary` VALUES (149, 100, 25, 500, 2500, '0139');
INSERT INTO `tab_salary` VALUES (150, 200, 25, 500, 5000, '0140');
INSERT INTO `tab_salary` VALUES (151, 200, 25, 500, 5000, '0141');
INSERT INTO `tab_salary` VALUES (152, 400, 25, 500, 10000, '0142');
INSERT INTO `tab_salary` VALUES (153, 100, 25, 500, 2500, '0143');
INSERT INTO `tab_salary` VALUES (154, 100, 25, 500, 2500, '0144');
INSERT INTO `tab_salary` VALUES (155, 300, 25, 500, 7500, '0145');
INSERT INTO `tab_salary` VALUES (156, 500, 25, 500, 12500, '0146');
INSERT INTO `tab_salary` VALUES (157, 500, 25, 500, 12500, '0147');
INSERT INTO `tab_salary` VALUES (158, 100, 25, 500, 2500, '0148');
INSERT INTO `tab_salary` VALUES (159, 500, 25, 500, 12500, '0149');
INSERT INTO `tab_salary` VALUES (160, 500, 25, 500, 12500, '0150');
INSERT INTO `tab_salary` VALUES (161, 400, 25, 500, 10000, '0151');
INSERT INTO `tab_salary` VALUES (162, 200, 25, 500, 5000, '0152');
INSERT INTO `tab_salary` VALUES (163, 70, 25, 500, 1750, '0153');
INSERT INTO `tab_salary` VALUES (164, 200, 25, 500, 5000, '0154');
INSERT INTO `tab_salary` VALUES (165, 500, 25, 500, 12500, '0155');
INSERT INTO `tab_salary` VALUES (166, 500, 25, 500, 12500, '0156');
INSERT INTO `tab_salary` VALUES (167, 70, 25, 500, 1750, '0157');
INSERT INTO `tab_salary` VALUES (168, 500, 25, 500, 12500, '0158');
INSERT INTO `tab_salary` VALUES (169, 100, 25, 500, 2500, '0159');
INSERT INTO `tab_salary` VALUES (170, 70, 25, 500, 1750, '0160');
INSERT INTO `tab_salary` VALUES (171, 70, 25, 500, 1750, '0161');
INSERT INTO `tab_salary` VALUES (172, 70, 25, 500, 1750, '0162');
INSERT INTO `tab_salary` VALUES (173, 70, 25, 500, 1750, '0163');
INSERT INTO `tab_salary` VALUES (174, 500, 25, 500, 12500, '0164');
INSERT INTO `tab_salary` VALUES (175, 400, 25, 500, 10000, '0165');
INSERT INTO `tab_salary` VALUES (176, 100, 25, 500, 2500, '0166');
INSERT INTO `tab_salary` VALUES (177, 200, 25, 500, 5000, '0167');
INSERT INTO `tab_salary` VALUES (178, 100, 25, 500, 2500, '0168');
INSERT INTO `tab_salary` VALUES (179, 500, 25, 500, 12500, '0169');
INSERT INTO `tab_salary` VALUES (180, 300, 25, 500, 7500, '0170');
INSERT INTO `tab_salary` VALUES (181, 200, 25, 500, 5000, '0171');
INSERT INTO `tab_salary` VALUES (182, 500, 25, 500, 12500, '0172');
INSERT INTO `tab_salary` VALUES (183, 200, 25, 500, 5000, '0173');
INSERT INTO `tab_salary` VALUES (184, 70, 25, 500, 1750, '0174');
INSERT INTO `tab_salary` VALUES (185, 500, 25, 500, 12500, '0175');
INSERT INTO `tab_salary` VALUES (186, 100, 25, 500, 2500, '0176');
INSERT INTO `tab_salary` VALUES (187, 500, 25, 500, 12500, '0177');
INSERT INTO `tab_salary` VALUES (188, 200, 25, 500, 5000, '0178');
INSERT INTO `tab_salary` VALUES (189, 300, 25, 500, 7500, '0179');
INSERT INTO `tab_salary` VALUES (190, 100, 25, 500, 2500, '0180');
INSERT INTO `tab_salary` VALUES (191, 400, 25, 500, 10000, '0181');
INSERT INTO `tab_salary` VALUES (192, 400, 25, 500, 10000, '0182');
INSERT INTO `tab_salary` VALUES (193, 400, 25, 500, 10000, '0183');
INSERT INTO `tab_salary` VALUES (194, 100, 25, 500, 2500, '0184');
INSERT INTO `tab_salary` VALUES (195, 200, 25, 500, 5000, '0185');
INSERT INTO `tab_salary` VALUES (196, 100, 25, 500, 2500, '0186');
INSERT INTO `tab_salary` VALUES (197, 200, 25, 500, 5000, '0187');
INSERT INTO `tab_salary` VALUES (198, 300, 25, 500, 7500, '0188');
INSERT INTO `tab_salary` VALUES (199, 70, 25, 500, 1750, '0189');
INSERT INTO `tab_salary` VALUES (200, 500, 25, 500, 12500, '0190');
INSERT INTO `tab_salary` VALUES (201, 400, 25, 500, 10000, '0191');
INSERT INTO `tab_salary` VALUES (202, 300, 25, 500, 7500, '0192');
INSERT INTO `tab_salary` VALUES (203, 100, 25, 500, 2500, '0193');
INSERT INTO `tab_salary` VALUES (204, 200, 25, 500, 5000, '0194');
INSERT INTO `tab_salary` VALUES (205, 100, 25, 500, 2500, '0195');
INSERT INTO `tab_salary` VALUES (206, 400, 25, 500, 10000, '0196');
INSERT INTO `tab_salary` VALUES (207, 70, 25, 500, 1750, '0197');
INSERT INTO `tab_salary` VALUES (208, 100, 25, 500, 2500, '0198');
INSERT INTO `tab_salary` VALUES (209, 70, 25, 500, 1750, '0199');
INSERT INTO `tab_salary` VALUES (210, 400, 25, 500, 10000, '0200');
INSERT INTO `tab_salary` VALUES (211, 200, 25, 500, 5000, '0201');
INSERT INTO `tab_salary` VALUES (212, 300, 25, 500, 7500, '0202');
INSERT INTO `tab_salary` VALUES (213, 200, 25, 500, 5000, '0203');
INSERT INTO `tab_salary` VALUES (214, 100, 25, 500, 2500, '0204');
INSERT INTO `tab_salary` VALUES (215, 200, 25, 500, 5000, '0205');
INSERT INTO `tab_salary` VALUES (216, 300, 25, 500, 7500, '0206');
INSERT INTO `tab_salary` VALUES (217, 500, 25, 500, 12500, '0207');
INSERT INTO `tab_salary` VALUES (218, 400, 25, 500, 10000, '0208');
INSERT INTO `tab_salary` VALUES (219, 70, 25, 500, 1750, '0209');
INSERT INTO `tab_salary` VALUES (220, 200, 25, 500, 5000, '0210');
INSERT INTO `tab_salary` VALUES (221, 100, 25, 500, 2500, '0211');
INSERT INTO `tab_salary` VALUES (222, 300, 25, 500, 7500, '0212');
INSERT INTO `tab_salary` VALUES (223, 100, 25, 500, 2500, '0213');
INSERT INTO `tab_salary` VALUES (224, 100, 25, 500, 2500, '0214');
INSERT INTO `tab_salary` VALUES (225, 400, 25, 500, 10000, '0215');
INSERT INTO `tab_salary` VALUES (226, 200, 25, 500, 5000, '0216');
INSERT INTO `tab_salary` VALUES (227, 70, 25, 500, 1750, '0217');
INSERT INTO `tab_salary` VALUES (228, 100, 25, 500, 2500, '0218');
INSERT INTO `tab_salary` VALUES (229, 500, 25, 500, 12500, '0219');
INSERT INTO `tab_salary` VALUES (230, 500, 25, 500, 12500, '0220');
INSERT INTO `tab_salary` VALUES (231, 70, 25, 500, 1750, '0221');
INSERT INTO `tab_salary` VALUES (232, 200, 25, 500, 5000, '0222');
INSERT INTO `tab_salary` VALUES (233, 100, 25, 500, 2500, '0223');
INSERT INTO `tab_salary` VALUES (234, 100, 25, 500, 2500, '0224');
INSERT INTO `tab_salary` VALUES (235, 200, 25, 500, 5000, '0225');
INSERT INTO `tab_salary` VALUES (236, 200, 25, 500, 5000, '0226');
INSERT INTO `tab_salary` VALUES (237, 300, 25, 500, 7500, '0227');
INSERT INTO `tab_salary` VALUES (238, 500, 25, 500, 12500, '0228');
INSERT INTO `tab_salary` VALUES (239, 400, 25, 500, 10000, '0229');
INSERT INTO `tab_salary` VALUES (240, 100, 25, 500, 2500, '0230');
INSERT INTO `tab_salary` VALUES (241, 200, 25, 500, 5000, '0231');
INSERT INTO `tab_salary` VALUES (242, 100, 25, 500, 2500, '0232');
INSERT INTO `tab_salary` VALUES (243, 500, 25, 500, 12500, '0233');
INSERT INTO `tab_salary` VALUES (244, 100, 25, 500, 2500, '0234');
INSERT INTO `tab_salary` VALUES (245, 200, 25, 500, 5000, '0235');
INSERT INTO `tab_salary` VALUES (246, 70, 25, 500, 1750, '0236');
INSERT INTO `tab_salary` VALUES (247, 300, 25, 500, 7500, '0237');
INSERT INTO `tab_salary` VALUES (248, 500, 25, 500, 12500, '0238');
INSERT INTO `tab_salary` VALUES (249, 300, 25, 500, 7500, '0239');
INSERT INTO `tab_salary` VALUES (250, 70, 25, 500, 1750, '0240');
INSERT INTO `tab_salary` VALUES (251, 500, 25, 500, 12500, '0241');
INSERT INTO `tab_salary` VALUES (252, 500, 25, 500, 12500, '0242');
INSERT INTO `tab_salary` VALUES (253, 300, 25, 500, 7500, '0243');
INSERT INTO `tab_salary` VALUES (254, 70, 25, 500, 1750, '0244');
INSERT INTO `tab_salary` VALUES (255, 400, 25, 500, 10000, '0245');
INSERT INTO `tab_salary` VALUES (256, 500, 25, 500, 12500, '0246');
INSERT INTO `tab_salary` VALUES (257, 100, 25, 500, 2500, '0247');
INSERT INTO `tab_salary` VALUES (258, 400, 25, 500, 10000, '0248');
INSERT INTO `tab_salary` VALUES (259, 100, 25, 500, 2500, '0249');
INSERT INTO `tab_salary` VALUES (260, 200, 25, 500, 5000, '0250');
INSERT INTO `tab_salary` VALUES (261, 100, 25, 500, 2500, '0251');
INSERT INTO `tab_salary` VALUES (262, 500, 25, 500, 12500, '0252');
INSERT INTO `tab_salary` VALUES (263, 500, 25, 500, 12500, '0253');
INSERT INTO `tab_salary` VALUES (264, 100, 25, 500, 2500, '0254');
INSERT INTO `tab_salary` VALUES (265, 500, 25, 500, 12500, '0255');
INSERT INTO `tab_salary` VALUES (266, 70, 25, 500, 1750, '0256');
INSERT INTO `tab_salary` VALUES (267, 200, 25, 500, 5000, '0257');
INSERT INTO `tab_salary` VALUES (268, 300, 25, 500, 7500, '0258');
INSERT INTO `tab_salary` VALUES (269, 200, 25, 500, 5000, '0259');
INSERT INTO `tab_salary` VALUES (270, 500, 25, 500, 12500, '0260');
INSERT INTO `tab_salary` VALUES (271, 200, 25, 500, 5000, '0261');
INSERT INTO `tab_salary` VALUES (272, 500, 25, 500, 12500, '0262');
INSERT INTO `tab_salary` VALUES (273, 200, 25, 500, 5000, '0263');
INSERT INTO `tab_salary` VALUES (274, 70, 25, 500, 1750, '0264');
INSERT INTO `tab_salary` VALUES (275, 100, 25, 500, 2500, '0265');
INSERT INTO `tab_salary` VALUES (276, 100, 25, 500, 2500, '0266');
INSERT INTO `tab_salary` VALUES (277, 100, 25, 500, 2500, '0267');
INSERT INTO `tab_salary` VALUES (278, 300, 25, 500, 7500, '0268');
INSERT INTO `tab_salary` VALUES (279, 70, 25, 500, 1750, '0269');
INSERT INTO `tab_salary` VALUES (280, 70, 25, 500, 1750, '0270');
INSERT INTO `tab_salary` VALUES (281, 500, 25, 500, 12500, '0271');
INSERT INTO `tab_salary` VALUES (282, 400, 25, 500, 10000, '0272');
INSERT INTO `tab_salary` VALUES (283, 200, 25, 500, 5000, '0273');
INSERT INTO `tab_salary` VALUES (284, 100, 25, 500, 2500, '0274');
INSERT INTO `tab_salary` VALUES (285, 70, 25, 500, 1750, '0275');
INSERT INTO `tab_salary` VALUES (286, 200, 25, 500, 5000, '0276');
INSERT INTO `tab_salary` VALUES (287, 400, 25, 500, 10000, '0277');
INSERT INTO `tab_salary` VALUES (288, 400, 25, 500, 10000, '0278');
INSERT INTO `tab_salary` VALUES (289, 500, 25, 500, 12500, '0279');
INSERT INTO `tab_salary` VALUES (290, 70, 25, 500, 1750, '0280');
INSERT INTO `tab_salary` VALUES (291, 100, 25, 500, 2500, '0281');
INSERT INTO `tab_salary` VALUES (292, 500, 25, 500, 12500, '0282');
INSERT INTO `tab_salary` VALUES (293, 200, 25, 500, 5000, '0283');
INSERT INTO `tab_salary` VALUES (294, 200, 25, 500, 5000, '0284');
INSERT INTO `tab_salary` VALUES (295, 300, 25, 500, 7500, '0285');
INSERT INTO `tab_salary` VALUES (296, 70, 25, 500, 1750, '0286');
INSERT INTO `tab_salary` VALUES (297, 70, 25, 500, 1750, '0287');
INSERT INTO `tab_salary` VALUES (298, 400, 25, 500, 10000, '0288');
INSERT INTO `tab_salary` VALUES (299, 70, 25, 500, 1750, '0289');
INSERT INTO `tab_salary` VALUES (300, 70, 25, 500, 1750, '0290');
INSERT INTO `tab_salary` VALUES (301, 300, 25, 500, 7500, '0291');
INSERT INTO `tab_salary` VALUES (302, 70, 25, 500, 1750, '0292');
INSERT INTO `tab_salary` VALUES (303, 300, 25, 500, 7500, '0293');
INSERT INTO `tab_salary` VALUES (304, 500, 25, 500, 12500, '0294');
INSERT INTO `tab_salary` VALUES (305, 300, 25, 500, 7500, '0295');
INSERT INTO `tab_salary` VALUES (306, 200, 25, 500, 5000, '0296');
INSERT INTO `tab_salary` VALUES (307, 200, 25, 500, 5000, '0297');
INSERT INTO `tab_salary` VALUES (308, 70, 25, 500, 1750, '0298');
INSERT INTO `tab_salary` VALUES (309, 200, 25, 500, 5000, '0299');
INSERT INTO `tab_salary` VALUES (310, 400, 25, 500, 10000, '0300');
INSERT INTO `tab_salary` VALUES (311, 400, 25, 500, 10000, '0301');
INSERT INTO `tab_salary` VALUES (312, 500, 25, 500, 12500, '0302');
INSERT INTO `tab_salary` VALUES (313, 70, 25, 500, 1750, '0303');
INSERT INTO `tab_salary` VALUES (314, 200, 25, 500, 5000, '0304');
INSERT INTO `tab_salary` VALUES (315, 300, 25, 500, 7500, '0305');
INSERT INTO `tab_salary` VALUES (316, 100, 25, 500, 2500, '0306');
INSERT INTO `tab_salary` VALUES (317, 200, 25, 500, 5000, '0307');
INSERT INTO `tab_salary` VALUES (318, 300, 25, 500, 7500, '0308');
INSERT INTO `tab_salary` VALUES (319, 400, 25, 500, 10000, '0309');
INSERT INTO `tab_salary` VALUES (320, 200, 25, 500, 5000, '0310');
INSERT INTO `tab_salary` VALUES (321, 400, 25, 500, 10000, '0311');
INSERT INTO `tab_salary` VALUES (322, 100, 25, 500, 2500, '0312');
INSERT INTO `tab_salary` VALUES (323, 500, 25, 500, 12500, '0313');
INSERT INTO `tab_salary` VALUES (324, 70, 25, 500, 1750, '0314');
INSERT INTO `tab_salary` VALUES (325, 100, 25, 500, 2500, '0315');
INSERT INTO `tab_salary` VALUES (326, 400, 25, 500, 10000, '0316');
INSERT INTO `tab_salary` VALUES (327, 500, 25, 500, 12500, '0317');
INSERT INTO `tab_salary` VALUES (328, 70, 25, 500, 1750, '0318');
INSERT INTO `tab_salary` VALUES (329, 100, 25, 500, 2500, '0319');
INSERT INTO `tab_salary` VALUES (330, 400, 25, 500, 10000, '0320');
INSERT INTO `tab_salary` VALUES (331, 400, 25, 500, 10000, '0321');
INSERT INTO `tab_salary` VALUES (332, 500, 25, 500, 12500, '0322');
INSERT INTO `tab_salary` VALUES (333, 200, 25, 500, 5000, '0323');
INSERT INTO `tab_salary` VALUES (334, 100, 25, 500, 2500, '0324');
INSERT INTO `tab_salary` VALUES (335, 300, 25, 500, 7500, '0325');
INSERT INTO `tab_salary` VALUES (336, 400, 25, 500, 10000, '0326');
INSERT INTO `tab_salary` VALUES (337, 400, 25, 500, 10000, '0327');
INSERT INTO `tab_salary` VALUES (338, 300, 25, 500, 7500, '0328');
INSERT INTO `tab_salary` VALUES (339, 400, 25, 500, 10000, '0329');
INSERT INTO `tab_salary` VALUES (340, 70, 25, 500, 1750, '0330');
INSERT INTO `tab_salary` VALUES (341, 100, 25, 500, 2500, '0331');
INSERT INTO `tab_salary` VALUES (342, 70, 25, 500, 1750, '0332');
INSERT INTO `tab_salary` VALUES (343, 200, 25, 500, 5000, '0333');
INSERT INTO `tab_salary` VALUES (344, 100, 25, 500, 2500, '0334');
INSERT INTO `tab_salary` VALUES (345, 400, 25, 500, 10000, '0335');
INSERT INTO `tab_salary` VALUES (346, 500, 25, 500, 12500, '0336');
INSERT INTO `tab_salary` VALUES (347, 100, 25, 500, 2500, '0337');
INSERT INTO `tab_salary` VALUES (348, 70, 25, 500, 1750, '0338');
INSERT INTO `tab_salary` VALUES (349, 400, 25, 500, 10000, '0339');
INSERT INTO `tab_salary` VALUES (350, 200, 25, 500, 5000, '0340');
INSERT INTO `tab_salary` VALUES (351, 200, 25, 500, 5000, '0341');
INSERT INTO `tab_salary` VALUES (352, 500, 25, 500, 12500, '0342');
INSERT INTO `tab_salary` VALUES (353, 70, 25, 500, 1750, '0343');
INSERT INTO `tab_salary` VALUES (354, 500, 25, 500, 12500, '0344');
INSERT INTO `tab_salary` VALUES (355, 400, 25, 500, 10000, '0345');
INSERT INTO `tab_salary` VALUES (356, 400, 25, 500, 10000, '0346');
INSERT INTO `tab_salary` VALUES (357, 200, 25, 500, 5000, '0347');
INSERT INTO `tab_salary` VALUES (358, 300, 25, 500, 7500, '0348');
INSERT INTO `tab_salary` VALUES (359, 100, 25, 500, 2500, '0349');
INSERT INTO `tab_salary` VALUES (360, 500, 25, 500, 62000, '1000');
INSERT INTO `tab_salary` VALUES (361, 70, 25, 500, 5000, '1002');
INSERT INTO `tab_salary` VALUES (362, 0, 25, 500, 1, '1');
INSERT INTO `tab_salary` VALUES (363, 0, 25, 500, 0, '434321');
INSERT INTO `tab_salary` VALUES (364, 0, 25, 500, -100, '34535');
INSERT INTO `tab_salary` VALUES (365, 0, 25, 500, 0, '341');
INSERT INTO `tab_salary` VALUES (366, 0, 25, 500, 0, '12345');

-- ----------------------------
-- Table structure for tab_user
-- ----------------------------
DROP TABLE IF EXISTS `tab_user`;
CREATE TABLE `tab_user`  (
  `uid` int(11) NOT NULL AUTO_INCREMENT,
  `username` varchar(100) CHARACTER SET utf8 COLLATE utf8_general_ci NOT NULL,
  `password` varchar(32) CHARACTER SET utf8 COLLATE utf8_general_ci NOT NULL,
  `name` varchar(100) CHARACTER SET utf8 COLLATE utf8_general_ci NULL DEFAULT NULL,
  `birthday` date NULL DEFAULT NULL,
  `sex` char(1) CHARACTER SET utf8 COLLATE utf8_general_ci NULL DEFAULT NULL,
  `telephone` varchar(11) CHARACTER SET utf8 COLLATE utf8_general_ci NULL DEFAULT NULL,
  `email` varchar(100) CHARACTER SET utf8 COLLATE utf8_general_ci NULL DEFAULT NULL,
  `status` char(1) CHARACTER SET utf8 COLLATE utf8_general_ci NULL DEFAULT NULL,
  `code` varchar(50) CHARACTER SET utf8 COLLATE utf8_general_ci NULL DEFAULT NULL,
  PRIMARY KEY (`uid`) USING BTREE,
  UNIQUE INDEX `AK_nq_username`(`username`) USING BTREE,
  UNIQUE INDEX `AK_nq_code`(`code`) USING BTREE
) ENGINE = InnoDB AUTO_INCREMENT = 13 CHARACTER SET = utf8 COLLATE = utf8_general_ci ROW_FORMAT = Compact;

-- ----------------------------
-- Records of tab_user
-- ----------------------------
INSERT INTO `tab_user` VALUES (7, '201705110731', '123456', '吴景涛', '2020-02-07', '男', '17326083818', '673420693@qq.com', 'Y', '40c9d7704f9a4f8fb985fd5025736bc3');
INSERT INTO `tab_user` VALUES (8, 'zhangsan', '123456', '吴景涛', '2020-02-05', '男', '17326083818', '673420693@qq.com', 'N', '15a0e1e00434468b90012f8ce758218e');
INSERT INTO `tab_user` VALUES (9, 'meihaoyu', '123456', '美好鱼', '2020-02-02', '男', '17326083818', '17326083818@163.com', 'Y', '4ed96e34bba643a397af54c63f9726a4');
INSERT INTO `tab_user` VALUES (11, '2016221727', '123456', '吴景涛', '2020-01-30', '男', '17326083818', '17326083818@163.com', 'Y', 'e4d90ed2b47d4c36ae0a94aa804d9641');
INSERT INTO `tab_user` VALUES (12, 'admin1', 'admin1', '美好鱼', NULL, NULL, NULL, NULL, 'Y', 'e4d90edsfd7d4c36ae0a94aa804d9641');

SET FOREIGN_KEY_CHECKS = 1;
